1407869015986,219,P6 HTTP Request,500,Internal Server Error,Thread Group 1-119,text,false,214,219
1407869034075,287,P6 HTTP Request,500,Internal Server Error,Thread Group 1-139,text,false,214,287
1407869042401,250,P6 HTTP Request,500,Internal Server Error,Thread Group 1-128,text,false,214,250
1407869044659,299,P6 HTTP Request,500,Internal Server Error,Thread Group 1-124,text,false,214,299
1407869050391,363,P6 HTTP Request,500,Internal Server Error,Thread Group 1-141,text,false,214,363
1407869054742,282,P6 HTTP Request,500,Internal Server Error,Thread Group 1-55,text,false,214,282
1407869056186,183,P6 HTTP Request,500,Internal Server Error,Thread Group 1-88,text,false,214,183
1407869056847,184,P6 HTTP Request,500,Internal Server Error,Thread Group 1-118,text,false,214,184
1407869059868,165,P6 HTTP Request,500,Internal Server Error,Thread Group 1-96,text,false,214,165
1407869060601,169,P6 HTTP Request,500,Internal Server Error,Thread Group 1-37,text,false,214,169
1407869065227,179,P6 HTTP Request,500,Internal Server Error,Thread Group 1-106,text,false,214,179
1407869065522,159,P6 HTTP Request,500,Internal Server Error,Thread Group 1-121,text,false,214,159
1407869069410,391,P6 HTTP Request,500,Internal Server Error,Thread Group 1-22,text,false,214,391
1407869070006,325,P6 HTTP Request,500,Internal Server Error,Thread Group 1-19,text,false,214,325
1407869072130,166,P6 HTTP Request,500,Internal Server Error,Thread Group 1-66,text,false,214,166
1407869073532,163,P6 HTTP Request,500,Internal Server Error,Thread Group 1-78,text,false,214,163
1407869074296,151,P6 HTTP Request,500,Internal Server Error,Thread Group 1-88,text,false,214,151
1407869074530,168,P6 HTTP Request,500,Internal Server Error,Thread Group 1-122,text,false,214,168
1407869075546,157,P6 HTTP Request,500,Internal Server Error,Thread Group 1-24,text,false,214,157
1407869075915,199,P6 HTTP Request,500,Internal Server Error,Thread Group 1-78,text,false,214,199
1407869076440,142,P6 HTTP Request,500,Internal Server Error,Thread Group 1-134,text,false,214,142
1407869078719,177,P6 HTTP Request,500,Internal Server Error,Thread Group 1-74,text,false,214,177
1407869079227,152,P6 HTTP Request,500,Internal Server Error,Thread Group 1-1,text,false,214,152
1407869079751,179,P6 HTTP Request,500,Internal Server Error,Thread Group 1-19,text,false,214,179
1407869080426,163,P6 HTTP Request,500,Internal Server Error,Thread Group 1-28,text,false,214,163
1407869080773,172,P6 HTTP Request,500,Internal Server Error,Thread Group 1-132,text,false,214,172
1407869081242,151,P6 HTTP Request,500,Internal Server Error,Thread Group 1-119,text,false,214,151
1407869082419,184,P6 HTTP Request,500,Internal Server Error,Thread Group 1-47,text,false,214,184
1407869083010,164,P6 HTTP Request,500,Internal Server Error,Thread Group 1-27,text,false,214,164
1407869085068,187,P6 HTTP Request,500,Internal Server Error,Thread Group 1-86,text,false,214,187
1407869087600,159,P6 HTTP Request,500,Internal Server Error,Thread Group 1-28,text,false,214,159
1407869088579,167,P6 HTTP Request,500,Internal Server Error,Thread Group 1-52,text,false,214,167
1407869089686,203,P6 HTTP Request,500,Internal Server Error,Thread Group 1-90,text,false,214,203
1407869093049,182,P6 HTTP Request,500,Internal Server Error,Thread Group 1-3,text,false,214,182
1407869093423,177,P6 HTTP Request,500,Internal Server Error,Thread Group 1-45,text,false,214,177
1407869093854,177,P6 HTTP Request,500,Internal Server Error,Thread Group 1-103,text,false,214,177
1407869094739,197,P6 HTTP Request,500,Internal Server Error,Thread Group 1-72,text,false,214,197
1407869097505,159,P6 HTTP Request,500,Internal Server Error,Thread Group 1-93,text,false,214,159
1407869102011,409,P6 HTTP Request,500,Internal Server Error,Thread Group 1-142,text,false,214,409
1407869103206,418,P6 HTTP Request,500,Internal Server Error,Thread Group 1-113,text,false,214,418
1407869104703,182,P6 HTTP Request,500,Internal Server Error,Thread Group 1-84,text,false,214,182
1407869105516,157,P6 HTTP Request,500,Internal Server Error,Thread Group 1-75,text,false,214,157
